{"cameraMode":{"drawMode":0,"name":"Shaded","section":"Shading Mode"},"sceneLighting":true,"audioPlay":false,"sceneViewState":{"m_AlwaysRefresh":false,"showFog":true,"showSkybox":true,"showFlares":true,"showImageEffects":true,"showParticleSystems":true,"showVisualEffectGraphs":true,"m_FxEnabled":true},"in2DMode":false,"pivot":{"x":9.154838562011719,"y":2.153118848800659,"z":18.28667449951172},"rotation":{"x":-0.0006010989309288561,"y":0.997793436050415,"z":-0.06626250594854355,"w":-0.008678304962813855},"size":0.1942884773015976,"orthographic":false}