{"cameraMode":{"drawMode":0,"name":"Shaded","section":"Shading Mode"},"sceneLighting":true,"audioPlay":false,"sceneViewState":{"m_AlwaysRefresh":false,"showFog":true,"showSkybox":true,"showFlares":true,"showImageEffects":true,"showParticleSystems":true,"showVisualEffectGraphs":true,"m_FxEnabled":true},"in2DMode":false,"pivot":{"x":15.806249618530274,"y":2.3442509174346926,"z":6.169153690338135},"rotation":{"x":0.004654344171285629,"y":-0.8414371013641357,"z":0.014631357043981552,"w":0.5416837930679321},"size":9.873238563537598,"orthographic":false}