{"cameraMode":{"drawMode":0,"name":"Shaded","section":"Shading Mode"},"sceneLighting":true,"audioPlay":false,"sceneViewState":{"m_AlwaysRefresh":false,"showFog":true,"showSkybox":true,"showFlares":true,"showImageEffects":true,"showParticleSystems":true,"showVisualEffectGraphs":true,"m_FxEnabled":true},"in2DMode":false,"pivot":{"x":49.912437438964847,"y":7.211696624755859,"z":-10.913782119750977},"rotation":{"x":-0.02397027425467968,"y":0.8607330322265625,"z":0.04178468510508537,"w":0.5069535374641419},"size":27.38237953186035,"orthographic":false}