{"cameraMode":{"drawMode":0,"name":"Shaded","section":"Shading Mode"},"sceneLighting":true,"audioPlay":false,"sceneViewState":{"m_AlwaysRefresh":false,"showFog":true,"showSkybox":true,"showFlares":true,"showImageEffects":true,"showParticleSystems":true,"showVisualEffectGraphs":true,"m_FxEnabled":true},"in2DMode":false,"pivot":{"x":21.660709381103517,"y":5.9980974197387699,"z":10.72922420501709},"rotation":{"x":0.1537288874387741,"y":-0.38752490282058718,"z":0.06664064526557923,"w":0.9067127704620361},"size":0.014998496510088444,"orthographic":false}