{"cameraMode":{"drawMode":0,"name":"Shaded","section":"Shading Mode"},"sceneLighting":true,"audioPlay":false,"sceneViewState":{"m_AlwaysRefresh":false,"showFog":true,"showSkybox":true,"showFlares":true,"showImageEffects":true,"showParticleSystems":true,"showVisualEffectGraphs":true,"m_FxEnabled":true},"in2DMode":false,"pivot":{"x":31.888324737548829,"y":7.5313639640808109,"z":13.521084785461426},"rotation":{"x":0.057570867240428928,"y":0.14878305792808534,"z":0.008307481184601784,"w":-0.9873407483100891},"size":7.447971343994141,"orthographic":false}